DateKey,Date,Year,Month,MonthName,Quarter,Weekday
1,2023-01-01,2023,1,January,1,Sunday
2,2023-01-02,2023,1,January,1,Monday
3,2023-01-03,2023,1,January,1,Tuesday
4,2023-01-04,2023,1,January,1,Wednesday
5,2023-01-05,2023,1,January,1,Thursday
6,2023-01-06,2023,1,January,1,Friday
7,2023-01-07,2023,1,January,1,Saturday
8,2023-01-08,2023,1,January,1,Sunday
9,2023-01-09,2023,1,January,1,Monday
10,2023-01-10,2023,1,January,1,Tuesday
11,2023-01-11,2023,1,January,1,Wednesday
12,2023-01-12,2023,1,January,1,Thursday
13,2023-01-13,2023,1,January,1,Friday
14,2023-01-14,2023,1,January,1,Saturday
15,2023-01-15,2023,1,January,1,Sunday
16,2023-01-16,2023,1,January,1,Monday
17,2023-01-17,2023,1,January,1,Tuesday
18,2023-01-18,2023,1,January,1,Wednesday
19,2023-01-19,2023,1,January,1,Thursday
20,2023-01-20,2023,1,January,1,Friday
21,2023-01-21,2023,1,January,1,Saturday
22,2023-01-22,2023,1,January,1,Sunday
23,2023-01-23,2023,1,January,1,Monday
24,2023-01-24,2023,1,January,1,Tuesday
25,2023-01-25,2023,1,January,1,Wednesday
26,2023-01-26,2023,1,January,1,Thursday
27,2023-01-27,2023,1,January,1,Friday
28,2023-01-28,2023,1,January,1,Saturday
29,2023-01-29,2023,1,January,1,Sunday
30,2023-01-30,2023,1,January,1,Monday
31,2023-01-31,2023,1,January,1,Tuesday
32,2023-02-01,2023,2,February,1,Wednesday
33,2023-02-02,2023,2,February,1,Thursday
34,2023-02-03,2023,2,February,1,Friday
35,2023-02-04,2023,2,February,1,Saturday
36,2023-02-05,2023,2,February,1,Sunday
37,2023-02-06,2023,2,February,1,Monday
38,2023-02-07,2023,2,February,1,Tuesday
39,2023-02-08,2023,2,February,1,Wednesday
40,2023-02-09,2023,2,February,1,Thursday
41,2023-02-10,2023,2,February,1,Friday
42,2023-02-11,2023,2,February,1,Saturday
43,2023-02-12,2023,2,February,1,Sunday
44,2023-02-13,2023,2,February,1,Monday
45,2023-02-14,2023,2,February,1,Tuesday
46,2023-02-15,2023,2,February,1,Wednesday
47,2023-02-16,2023,2,February,1,Thursday
48,2023-02-17,2023,2,February,1,Friday
49,2023-02-18,2023,2,February,1,Saturday
50,2023-02-19,2023,2,February,1,Sunday
51,2023-02-20,2023,2,February,1,Monday
52,2023-02-21,2023,2,February,1,Tuesday
53,2023-02-22,2023,2,February,1,Wednesday
54,2023-02-23,2023,2,February,1,Thursday
55,2023-02-24,2023,2,February,1,Friday
56,2023-02-25,2023,2,February,1,Saturday
57,2023-02-26,2023,2,February,1,Sunday
58,2023-02-27,2023,2,February,1,Monday
59,2023-02-28,2023,2,February,1,Tuesday
60,2023-03-01,2023,3,March,1,Wednesday
61,2023-03-02,2023,3,March,1,Thursday
62,2023-03-03,2023,3,March,1,Friday
63,2023-03-04,2023,3,March,1,Saturday
64,2023-03-05,2023,3,March,1,Sunday
65,2023-03-06,2023,3,March,1,Monday
66,2023-03-07,2023,3,March,1,Tuesday
67,2023-03-08,2023,3,March,1,Wednesday
68,2023-03-09,2023,3,March,1,Thursday
69,2023-03-10,2023,3,March,1,Friday
70,2023-03-11,2023,3,March,1,Saturday
71,2023-03-12,2023,3,March,1,Sunday
72,2023-03-13,2023,3,March,1,Monday
73,2023-03-14,2023,3,March,1,Tuesday
74,2023-03-15,2023,3,March,1,Wednesday
75,2023-03-16,2023,3,March,1,Thursday
76,2023-03-17,2023,3,March,1,Friday
77,2023-03-18,2023,3,March,1,Saturday
78,2023-03-19,2023,3,March,1,Sunday
79,2023-03-20,2023,3,March,1,Monday
80,2023-03-21,2023,3,March,1,Tuesday
81,2023-03-22,2023,3,March,1,Wednesday
82,2023-03-23,2023,3,March,1,Thursday
83,2023-03-24,2023,3,March,1,Friday
84,2023-03-25,2023,3,March,1,Saturday
85,2023-03-26,2023,3,March,1,Sunday
86,2023-03-27,2023,3,March,1,Monday
87,2023-03-28,2023,3,March,1,Tuesday
88,2023-03-29,2023,3,March,1,Wednesday
89,2023-03-30,2023,3,March,1,Thursday
90,2023-03-31,2023,3,March,1,Friday
91,2023-04-01,2023,4,April,2,Saturday
92,2023-04-02,2023,4,April,2,Sunday
93,2023-04-03,2023,4,April,2,Monday
94,2023-04-04,2023,4,April,2,Tuesday
95,2023-04-05,2023,4,April,2,Wednesday
96,2023-04-06,2023,4,April,2,Thursday
97,2023-04-07,2023,4,April,2,Friday
98,2023-04-08,2023,4,April,2,Saturday
99,2023-04-09,2023,4,April,2,Sunday
100,2023-04-10,2023,4,April,2,Monday
101,2023-04-11,2023,4,April,2,Tuesday
102,2023-04-12,2023,4,April,2,Wednesday
103,2023-04-13,2023,4,April,2,Thursday
104,2023-04-14,2023,4,April,2,Friday
105,2023-04-15,2023,4,April,2,Saturday
106,2023-04-16,2023,4,April,2,Sunday
107,2023-04-17,2023,4,April,2,Monday
108,2023-04-18,2023,4,April,2,Tuesday
109,2023-04-19,2023,4,April,2,Wednesday
110,2023-04-20,2023,4,April,2,Thursday
111,2023-04-21,2023,4,April,2,Friday
112,2023-04-22,2023,4,April,2,Saturday
113,2023-04-23,2023,4,April,2,Sunday
114,2023-04-24,2023,4,April,2,Monday
115,2023-04-25,2023,4,April,2,Tuesday
116,2023-04-26,2023,4,April,2,Wednesday
117,2023-04-27,2023,4,April,2,Thursday
118,2023-04-28,2023,4,April,2,Friday
119,2023-04-29,2023,4,April,2,Saturday
120,2023-04-30,2023,4,April,2,Sunday
121,2023-05-01,2023,5,May,2,Monday
122,2023-05-02,2023,5,May,2,Tuesday
123,2023-05-03,2023,5,May,2,Wednesday
124,2023-05-04,2023,5,May,2,Thursday
125,2023-05-05,2023,5,May,2,Friday
126,2023-05-06,2023,5,May,2,Saturday
127,2023-05-07,2023,5,May,2,Sunday
128,2023-05-08,2023,5,May,2,Monday
129,2023-05-09,2023,5,May,2,Tuesday
130,2023-05-10,2023,5,May,2,Wednesday
131,2023-05-11,2023,5,May,2,Thursday
132,2023-05-12,2023,5,May,2,Friday
133,2023-05-13,2023,5,May,2,Saturday
134,2023-05-14,2023,5,May,2,Sunday
135,2023-05-15,2023,5,May,2,Monday
136,2023-05-16,2023,5,May,2,Tuesday
137,2023-05-17,2023,5,May,2,Wednesday
138,2023-05-18,2023,5,May,2,Thursday
139,2023-05-19,2023,5,May,2,Friday
140,2023-05-20,2023,5,May,2,Saturday
141,2023-05-21,2023,5,May,2,Sunday
142,2023-05-22,2023,5,May,2,Monday
143,2023-05-23,2023,5,May,2,Tuesday
144,2023-05-24,2023,5,May,2,Wednesday
145,2023-05-25,2023,5,May,2,Thursday
146,2023-05-26,2023,5,May,2,Friday
147,2023-05-27,2023,5,May,2,Saturday
148,2023-05-28,2023,5,May,2,Sunday
149,2023-05-29,2023,5,May,2,Monday
150,2023-05-30,2023,5,May,2,Tuesday
151,2023-05-31,2023,5,May,2,Wednesday
152,2023-06-01,2023,6,June,2,Thursday
153,2023-06-02,2023,6,June,2,Friday
154,2023-06-03,2023,6,June,2,Saturday
155,2023-06-04,2023,6,June,2,Sunday
156,2023-06-05,2023,6,June,2,Monday
157,2023-06-06,2023,6,June,2,Tuesday
158,2023-06-07,2023,6,June,2,Wednesday
159,2023-06-08,2023,6,June,2,Thursday
160,2023-06-09,2023,6,June,2,Friday
161,2023-06-10,2023,6,June,2,Saturday
162,2023-06-11,2023,6,June,2,Sunday
163,2023-06-12,2023,6,June,2,Monday
164,2023-06-13,2023,6,June,2,Tuesday
165,2023-06-14,2023,6,June,2,Wednesday
166,2023-06-15,2023,6,June,2,Thursday
167,2023-06-16,2023,6,June,2,Friday
168,2023-06-17,2023,6,June,2,Saturday
169,2023-06-18,2023,6,June,2,Sunday
170,2023-06-19,2023,6,June,2,Monday
171,2023-06-20,2023,6,June,2,Tuesday
172,2023-06-21,2023,6,June,2,Wednesday
173,2023-06-22,2023,6,June,2,Thursday
174,2023-06-23,2023,6,June,2,Friday
175,2023-06-24,2023,6,June,2,Saturday
176,2023-06-25,2023,6,June,2,Sunday
177,2023-06-26,2023,6,June,2,Monday
178,2023-06-27,2023,6,June,2,Tuesday
179,2023-06-28,2023,6,June,2,Wednesday
180,2023-06-29,2023,6,June,2,Thursday
181,2023-06-30,2023,6,June,2,Friday
182,2023-07-01,2023,7,July,3,Saturday
183,2023-07-02,2023,7,July,3,Sunday
184,2023-07-03,2023,7,July,3,Monday
185,2023-07-04,2023,7,July,3,Tuesday
186,2023-07-05,2023,7,July,3,Wednesday
187,2023-07-06,2023,7,July,3,Thursday
188,2023-07-07,2023,7,July,3,Friday
189,2023-07-08,2023,7,July,3,Saturday
190,2023-07-09,2023,7,July,3,Sunday
191,2023-07-10,2023,7,July,3,Monday
192,2023-07-11,2023,7,July,3,Tuesday
193,2023-07-12,2023,7,July,3,Wednesday
194,2023-07-13,2023,7,July,3,Thursday
195,2023-07-14,2023,7,July,3,Friday
196,2023-07-15,2023,7,July,3,Saturday
197,2023-07-16,2023,7,July,3,Sunday
198,2023-07-17,2023,7,July,3,Monday
199,2023-07-18,2023,7,July,3,Tuesday
200,2023-07-19,2023,7,July,3,Wednesday
201,2023-07-20,2023,7,July,3,Thursday
202,2023-07-21,2023,7,July,3,Friday
203,2023-07-22,2023,7,July,3,Saturday
204,2023-07-23,2023,7,July,3,Sunday
205,2023-07-24,2023,7,July,3,Monday
206,2023-07-25,2023,7,July,3,Tuesday
207,2023-07-26,2023,7,July,3,Wednesday
208,2023-07-27,2023,7,July,3,Thursday
209,2023-07-28,2023,7,July,3,Friday
210,2023-07-29,2023,7,July,3,Saturday
211,2023-07-30,2023,7,July,3,Sunday
212,2023-07-31,2023,7,July,3,Monday
213,2023-08-01,2023,8,August,3,Tuesday
214,2023-08-02,2023,8,August,3,Wednesday
215,2023-08-03,2023,8,August,3,Thursday
216,2023-08-04,2023,8,August,3,Friday
217,2023-08-05,2023,8,August,3,Saturday
218,2023-08-06,2023,8,August,3,Sunday
219,2023-08-07,2023,8,August,3,Monday
220,2023-08-08,2023,8,August,3,Tuesday
221,2023-08-09,2023,8,August,3,Wednesday
222,2023-08-10,2023,8,August,3,Thursday
223,2023-08-11,2023,8,August,3,Friday
224,2023-08-12,2023,8,August,3,Saturday
225,2023-08-13,2023,8,August,3,Sunday
226,2023-08-14,2023,8,August,3,Monday
227,2023-08-15,2023,8,August,3,Tuesday
228,2023-08-16,2023,8,August,3,Wednesday
229,2023-08-17,2023,8,August,3,Thursday
230,2023-08-18,2023,8,August,3,Friday
231,2023-08-19,2023,8,August,3,Saturday
232,2023-08-20,2023,8,August,3,Sunday
233,2023-08-21,2023,8,August,3,Monday
234,2023-08-22,2023,8,August,3,Tuesday
235,2023-08-23,2023,8,August,3,Wednesday
236,2023-08-24,2023,8,August,3,Thursday
237,2023-08-25,2023,8,August,3,Friday
238,2023-08-26,2023,8,August,3,Saturday
239,2023-08-27,2023,8,August,3,Sunday
240,2023-08-28,2023,8,August,3,Monday
241,2023-08-29,2023,8,August,3,Tuesday
242,2023-08-30,2023,8,August,3,Wednesday
243,2023-08-31,2023,8,August,3,Thursday
244,2023-09-01,2023,9,September,3,Friday
245,2023-09-02,2023,9,September,3,Saturday
246,2023-09-03,2023,9,September,3,Sunday
247,2023-09-04,2023,9,September,3,Monday
248,2023-09-05,2023,9,September,3,Tuesday
249,2023-09-06,2023,9,September,3,Wednesday
250,2023-09-07,2023,9,September,3,Thursday
251,2023-09-08,2023,9,September,3,Friday
252,2023-09-09,2023,9,September,3,Saturday
253,2023-09-10,2023,9,September,3,Sunday
254,2023-09-11,2023,9,September,3,Monday
255,2023-09-12,2023,9,September,3,Tuesday
256,2023-09-13,2023,9,September,3,Wednesday
257,2023-09-14,2023,9,September,3,Thursday
258,2023-09-15,2023,9,September,3,Friday
259,2023-09-16,2023,9,September,3,Saturday
260,2023-09-17,2023,9,September,3,Sunday
261,2023-09-18,2023,9,September,3,Monday
262,2023-09-19,2023,9,September,3,Tuesday
263,2023-09-20,2023,9,September,3,Wednesday
264,2023-09-21,2023,9,September,3,Thursday
265,2023-09-22,2023,9,September,3,Friday
266,2023-09-23,2023,9,September,3,Saturday
267,2023-09-24,2023,9,September,3,Sunday
268,2023-09-25,2023,9,September,3,Monday
269,2023-09-26,2023,9,September,3,Tuesday
270,2023-09-27,2023,9,September,3,Wednesday
271,2023-09-28,2023,9,September,3,Thursday
272,2023-09-29,2023,9,September,3,Friday
273,2023-09-30,2023,9,September,3,Saturday
274,2023-10-01,2023,10,October,4,Sunday
275,2023-10-02,2023,10,October,4,Monday
276,2023-10-03,2023,10,October,4,Tuesday
277,2023-10-04,2023,10,October,4,Wednesday
278,2023-10-05,2023,10,October,4,Thursday
279,2023-10-06,2023,10,October,4,Friday
280,2023-10-07,2023,10,October,4,Saturday
281,2023-10-08,2023,10,October,4,Sunday
282,2023-10-09,2023,10,October,4,Monday
283,2023-10-10,2023,10,October,4,Tuesday
284,2023-10-11,2023,10,October,4,Wednesday
285,2023-10-12,2023,10,October,4,Thursday
286,2023-10-13,2023,10,October,4,Friday
287,2023-10-14,2023,10,October,4,Saturday
288,2023-10-15,2023,10,October,4,Sunday
289,2023-10-16,2023,10,October,4,Monday
290,2023-10-17,2023,10,October,4,Tuesday
291,2023-10-18,2023,10,October,4,Wednesday
292,2023-10-19,2023,10,October,4,Thursday
293,2023-10-20,2023,10,October,4,Friday
294,2023-10-21,2023,10,October,4,Saturday
295,2023-10-22,2023,10,October,4,Sunday
296,2023-10-23,2023,10,October,4,Monday
297,2023-10-24,2023,10,October,4,Tuesday
298,2023-10-25,2023,10,October,4,Wednesday
299,2023-10-26,2023,10,October,4,Thursday
300,2023-10-27,2023,10,October,4,Friday
301,2023-10-28,2023,10,October,4,Saturday
302,2023-10-29,2023,10,October,4,Sunday
303,2023-10-30,2023,10,October,4,Monday
304,2023-10-31,2023,10,October,4,Tuesday
305,2023-11-01,2023,11,November,4,Wednesday
306,2023-11-02,2023,11,November,4,Thursday
307,2023-11-03,2023,11,November,4,Friday
308,2023-11-04,2023,11,November,4,Saturday
309,2023-11-05,2023,11,November,4,Sunday
310,2023-11-06,2023,11,November,4,Monday
311,2023-11-07,2023,11,November,4,Tuesday
312,2023-11-08,2023,11,November,4,Wednesday
313,2023-11-09,2023,11,November,4,Thursday
314,2023-11-10,2023,11,November,4,Friday
315,2023-11-11,2023,11,November,4,Saturday
316,2023-11-12,2023,11,November,4,Sunday
317,2023-11-13,2023,11,November,4,Monday
318,2023-11-14,2023,11,November,4,Tuesday
319,2023-11-15,2023,11,November,4,Wednesday
320,2023-11-16,2023,11,November,4,Thursday
321,2023-11-17,2023,11,November,4,Friday
322,2023-11-18,2023,11,November,4,Saturday
323,2023-11-19,2023,11,November,4,Sunday
324,2023-11-20,2023,11,November,4,Monday
325,2023-11-21,2023,11,November,4,Tuesday
326,2023-11-22,2023,11,November,4,Wednesday
327,2023-11-23,2023,11,November,4,Thursday
328,2023-11-24,2023,11,November,4,Friday
329,2023-11-25,2023,11,November,4,Saturday
330,2023-11-26,2023,11,November,4,Sunday
331,2023-11-27,2023,11,November,4,Monday
332,2023-11-28,2023,11,November,4,Tuesday
333,2023-11-29,2023,11,November,4,Wednesday
334,2023-11-30,2023,11,November,4,Thursday
335,2023-12-01,2023,12,December,4,Friday
336,2023-12-02,2023,12,December,4,Saturday
337,2023-12-03,2023,12,December,4,Sunday
338,2023-12-04,2023,12,December,4,Monday
339,2023-12-05,2023,12,December,4,Tuesday
340,2023-12-06,2023,12,December,4,Wednesday
341,2023-12-07,2023,12,December,4,Thursday
342,2023-12-08,2023,12,December,4,Friday
343,2023-12-09,2023,12,December,4,Saturday
344,2023-12-10,2023,12,December,4,Sunday
345,2023-12-11,2023,12,December,4,Monday
346,2023-12-12,2023,12,December,4,Tuesday
347,2023-12-13,2023,12,December,4,Wednesday
348,2023-12-14,2023,12,December,4,Thursday
349,2023-12-15,2023,12,December,4,Friday
350,2023-12-16,2023,12,December,4,Saturday
351,2023-12-17,2023,12,December,4,Sunday
352,2023-12-18,2023,12,December,4,Monday
353,2023-12-19,2023,12,December,4,Tuesday
354,2023-12-20,2023,12,December,4,Wednesday
355,2023-12-21,2023,12,December,4,Thursday
356,2023-12-22,2023,12,December,4,Friday
357,2023-12-23,2023,12,December,4,Saturday
358,2023-12-24,2023,12,December,4,Sunday
359,2023-12-25,2023,12,December,4,Monday
360,2023-12-26,2023,12,December,4,Tuesday
361,2023-12-27,2023,12,December,4,Wednesday
362,2023-12-28,2023,12,December,4,Thursday
363,2023-12-29,2023,12,December,4,Friday
364,2023-12-30,2023,12,December,4,Saturday
365,2023-12-31,2023,12,December,4,Sunday
366,2024-01-01,2024,1,January,1,Monday
367,2024-01-02,2024,1,January,1,Tuesday
368,2024-01-03,2024,1,January,1,Wednesday
369,2024-01-04,2024,1,January,1,Thursday
370,2024-01-05,2024,1,January,1,Friday
371,2024-01-06,2024,1,January,1,Saturday
372,2024-01-07,2024,1,January,1,Sunday
373,2024-01-08,2024,1,January,1,Monday
374,2024-01-09,2024,1,January,1,Tuesday
375,2024-01-10,2024,1,January,1,Wednesday
376,2024-01-11,2024,1,January,1,Thursday
377,2024-01-12,2024,1,January,1,Friday
378,2024-01-13,2024,1,January,1,Saturday
379,2024-01-14,2024,1,January,1,Sunday
380,2024-01-15,2024,1,January,1,Monday
381,2024-01-16,2024,1,January,1,Tuesday
382,2024-01-17,2024,1,January,1,Wednesday
383,2024-01-18,2024,1,January,1,Thursday
384,2024-01-19,2024,1,January,1,Friday
385,2024-01-20,2024,1,January,1,Saturday
386,2024-01-21,2024,1,January,1,Sunday
387,2024-01-22,2024,1,January,1,Monday
388,2024-01-23,2024,1,January,1,Tuesday
389,2024-01-24,2024,1,January,1,Wednesday
390,2024-01-25,2024,1,January,1,Thursday
391,2024-01-26,2024,1,January,1,Friday
392,2024-01-27,2024,1,January,1,Saturday
393,2024-01-28,2024,1,January,1,Sunday
394,2024-01-29,2024,1,January,1,Monday
395,2024-01-30,2024,1,January,1,Tuesday
396,2024-01-31,2024,1,January,1,Wednesday
397,2024-02-01,2024,2,February,1,Thursday
398,2024-02-02,2024,2,February,1,Friday
399,2024-02-03,2024,2,February,1,Saturday
400,2024-02-04,2024,2,February,1,Sunday
401,2024-02-05,2024,2,February,1,Monday
402,2024-02-06,2024,2,February,1,Tuesday
403,2024-02-07,2024,2,February,1,Wednesday
404,2024-02-08,2024,2,February,1,Thursday
405,2024-02-09,2024,2,February,1,Friday
406,2024-02-10,2024,2,February,1,Saturday
407,2024-02-11,2024,2,February,1,Sunday
408,2024-02-12,2024,2,February,1,Monday
409,2024-02-13,2024,2,February,1,Tuesday
410,2024-02-14,2024,2,February,1,Wednesday
411,2024-02-15,2024,2,February,1,Thursday
412,2024-02-16,2024,2,February,1,Friday
413,2024-02-17,2024,2,February,1,Saturday
414,2024-02-18,2024,2,February,1,Sunday
415,2024-02-19,2024,2,February,1,Monday
416,2024-02-20,2024,2,February,1,Tuesday
417,2024-02-21,2024,2,February,1,Wednesday
418,2024-02-22,2024,2,February,1,Thursday
419,2024-02-23,2024,2,February,1,Friday
420,2024-02-24,2024,2,February,1,Saturday
421,2024-02-25,2024,2,February,1,Sunday
422,2024-02-26,2024,2,February,1,Monday
423,2024-02-27,2024,2,February,1,Tuesday
424,2024-02-28,2024,2,February,1,Wednesday
425,2024-02-29,2024,2,February,1,Thursday
426,2024-03-01,2024,3,March,1,Friday
427,2024-03-02,2024,3,March,1,Saturday
428,2024-03-03,2024,3,March,1,Sunday
429,2024-03-04,2024,3,March,1,Monday
430,2024-03-05,2024,3,March,1,Tuesday
431,2024-03-06,2024,3,March,1,Wednesday
432,2024-03-07,2024,3,March,1,Thursday
433,2024-03-08,2024,3,March,1,Friday
434,2024-03-09,2024,3,March,1,Saturday
435,2024-03-10,2024,3,March,1,Sunday
436,2024-03-11,2024,3,March,1,Monday
437,2024-03-12,2024,3,March,1,Tuesday
438,2024-03-13,2024,3,March,1,Wednesday
439,2024-03-14,2024,3,March,1,Thursday
440,2024-03-15,2024,3,March,1,Friday
441,2024-03-16,2024,3,March,1,Saturday
442,2024-03-17,2024,3,March,1,Sunday
443,2024-03-18,2024,3,March,1,Monday
444,2024-03-19,2024,3,March,1,Tuesday
445,2024-03-20,2024,3,March,1,Wednesday
446,2024-03-21,2024,3,March,1,Thursday
447,2024-03-22,2024,3,March,1,Friday
448,2024-03-23,2024,3,March,1,Saturday
449,2024-03-24,2024,3,March,1,Sunday
450,2024-03-25,2024,3,March,1,Monday
451,2024-03-26,2024,3,March,1,Tuesday
452,2024-03-27,2024,3,March,1,Wednesday
453,2024-03-28,2024,3,March,1,Thursday
454,2024-03-29,2024,3,March,1,Friday
455,2024-03-30,2024,3,March,1,Saturday
456,2024-03-31,2024,3,March,1,Sunday
457,2024-04-01,2024,4,April,2,Monday
458,2024-04-02,2024,4,April,2,Tuesday
459,2024-04-03,2024,4,April,2,Wednesday
460,2024-04-04,2024,4,April,2,Thursday
461,2024-04-05,2024,4,April,2,Friday
462,2024-04-06,2024,4,April,2,Saturday
463,2024-04-07,2024,4,April,2,Sunday
464,2024-04-08,2024,4,April,2,Monday
465,2024-04-09,2024,4,April,2,Tuesday
466,2024-04-10,2024,4,April,2,Wednesday
467,2024-04-11,2024,4,April,2,Thursday
468,2024-04-12,2024,4,April,2,Friday
469,2024-04-13,2024,4,April,2,Saturday
470,2024-04-14,2024,4,April,2,Sunday
471,2024-04-15,2024,4,April,2,Monday
472,2024-04-16,2024,4,April,2,Tuesday
473,2024-04-17,2024,4,April,2,Wednesday
474,2024-04-18,2024,4,April,2,Thursday
475,2024-04-19,2024,4,April,2,Friday
476,2024-04-20,2024,4,April,2,Saturday
477,2024-04-21,2024,4,April,2,Sunday
478,2024-04-22,2024,4,April,2,Monday
479,2024-04-23,2024,4,April,2,Tuesday
480,2024-04-24,2024,4,April,2,Wednesday
481,2024-04-25,2024,4,April,2,Thursday
482,2024-04-26,2024,4,April,2,Friday
483,2024-04-27,2024,4,April,2,Saturday
484,2024-04-28,2024,4,April,2,Sunday
485,2024-04-29,2024,4,April,2,Monday
486,2024-04-30,2024,4,April,2,Tuesday
487,2024-05-01,2024,5,May,2,Wednesday
488,2024-05-02,2024,5,May,2,Thursday
489,2024-05-03,2024,5,May,2,Friday
490,2024-05-04,2024,5,May,2,Saturday
491,2024-05-05,2024,5,May,2,Sunday
492,2024-05-06,2024,5,May,2,Monday
493,2024-05-07,2024,5,May,2,Tuesday
494,2024-05-08,2024,5,May,2,Wednesday
495,2024-05-09,2024,5,May,2,Thursday
496,2024-05-10,2024,5,May,2,Friday
497,2024-05-11,2024,5,May,2,Saturday
498,2024-05-12,2024,5,May,2,Sunday
499,2024-05-13,2024,5,May,2,Monday
500,2024-05-14,2024,5,May,2,Tuesday
501,2024-05-15,2024,5,May,2,Wednesday
502,2024-05-16,2024,5,May,2,Thursday
503,2024-05-17,2024,5,May,2,Friday
504,2024-05-18,2024,5,May,2,Saturday
505,2024-05-19,2024,5,May,2,Sunday
506,2024-05-20,2024,5,May,2,Monday
507,2024-05-21,2024,5,May,2,Tuesday
508,2024-05-22,2024,5,May,2,Wednesday
509,2024-05-23,2024,5,May,2,Thursday
510,2024-05-24,2024,5,May,2,Friday
511,2024-05-25,2024,5,May,2,Saturday
512,2024-05-26,2024,5,May,2,Sunday
513,2024-05-27,2024,5,May,2,Monday
514,2024-05-28,2024,5,May,2,Tuesday
515,2024-05-29,2024,5,May,2,Wednesday
516,2024-05-30,2024,5,May,2,Thursday
517,2024-05-31,2024,5,May,2,Friday
518,2024-06-01,2024,6,June,2,Saturday
519,2024-06-02,2024,6,June,2,Sunday
520,2024-06-03,2024,6,June,2,Monday
521,2024-06-04,2024,6,June,2,Tuesday
522,2024-06-05,2024,6,June,2,Wednesday
523,2024-06-06,2024,6,June,2,Thursday
524,2024-06-07,2024,6,June,2,Friday
525,2024-06-08,2024,6,June,2,Saturday
526,2024-06-09,2024,6,June,2,Sunday
527,2024-06-10,2024,6,June,2,Monday
528,2024-06-11,2024,6,June,2,Tuesday
529,2024-06-12,2024,6,June,2,Wednesday
530,2024-06-13,2024,6,June,2,Thursday
531,2024-06-14,2024,6,June,2,Friday
532,2024-06-15,2024,6,June,2,Saturday
533,2024-06-16,2024,6,June,2,Sunday
534,2024-06-17,2024,6,June,2,Monday
535,2024-06-18,2024,6,June,2,Tuesday
536,2024-06-19,2024,6,June,2,Wednesday
537,2024-06-20,2024,6,June,2,Thursday
538,2024-06-21,2024,6,June,2,Friday
539,2024-06-22,2024,6,June,2,Saturday
540,2024-06-23,2024,6,June,2,Sunday
541,2024-06-24,2024,6,June,2,Monday
542,2024-06-25,2024,6,June,2,Tuesday
543,2024-06-26,2024,6,June,2,Wednesday
544,2024-06-27,2024,6,June,2,Thursday
545,2024-06-28,2024,6,June,2,Friday
546,2024-06-29,2024,6,June,2,Saturday
547,2024-06-30,2024,6,June,2,Sunday
548,2024-07-01,2024,7,July,3,Monday
549,2024-07-02,2024,7,July,3,Tuesday
550,2024-07-03,2024,7,July,3,Wednesday
551,2024-07-04,2024,7,July,3,Thursday
552,2024-07-05,2024,7,July,3,Friday
553,2024-07-06,2024,7,July,3,Saturday
554,2024-07-07,2024,7,July,3,Sunday
555,2024-07-08,2024,7,July,3,Monday
556,2024-07-09,2024,7,July,3,Tuesday
557,2024-07-10,2024,7,July,3,Wednesday
558,2024-07-11,2024,7,July,3,Thursday
559,2024-07-12,2024,7,July,3,Friday
560,2024-07-13,2024,7,July,3,Saturday
561,2024-07-14,2024,7,July,3,Sunday
562,2024-07-15,2024,7,July,3,Monday
563,2024-07-16,2024,7,July,3,Tuesday
564,2024-07-17,2024,7,July,3,Wednesday
565,2024-07-18,2024,7,July,3,Thursday
566,2024-07-19,2024,7,July,3,Friday
567,2024-07-20,2024,7,July,3,Saturday
568,2024-07-21,2024,7,July,3,Sunday
569,2024-07-22,2024,7,July,3,Monday
570,2024-07-23,2024,7,July,3,Tuesday
571,2024-07-24,2024,7,July,3,Wednesday
572,2024-07-25,2024,7,July,3,Thursday
573,2024-07-26,2024,7,July,3,Friday
574,2024-07-27,2024,7,July,3,Saturday
575,2024-07-28,2024,7,July,3,Sunday
576,2024-07-29,2024,7,July,3,Monday
577,2024-07-30,2024,7,July,3,Tuesday
578,2024-07-31,2024,7,July,3,Wednesday
579,2024-08-01,2024,8,August,3,Thursday
580,2024-08-02,2024,8,August,3,Friday
581,2024-08-03,2024,8,August,3,Saturday
582,2024-08-04,2024,8,August,3,Sunday
583,2024-08-05,2024,8,August,3,Monday
584,2024-08-06,2024,8,August,3,Tuesday
585,2024-08-07,2024,8,August,3,Wednesday
586,2024-08-08,2024,8,August,3,Thursday
587,2024-08-09,2024,8,August,3,Friday
588,2024-08-10,2024,8,August,3,Saturday
589,2024-08-11,2024,8,August,3,Sunday
590,2024-08-12,2024,8,August,3,Monday
591,2024-08-13,2024,8,August,3,Tuesday
592,2024-08-14,2024,8,August,3,Wednesday
593,2024-08-15,2024,8,August,3,Thursday
594,2024-08-16,2024,8,August,3,Friday
595,2024-08-17,2024,8,August,3,Saturday
596,2024-08-18,2024,8,August,3,Sunday
597,2024-08-19,2024,8,August,3,Monday
598,2024-08-20,2024,8,August,3,Tuesday
599,2024-08-21,2024,8,August,3,Wednesday
600,2024-08-22,2024,8,August,3,Thursday
601,2024-08-23,2024,8,August,3,Friday
602,2024-08-24,2024,8,August,3,Saturday
603,2024-08-25,2024,8,August,3,Sunday
604,2024-08-26,2024,8,August,3,Monday
605,2024-08-27,2024,8,August,3,Tuesday
606,2024-08-28,2024,8,August,3,Wednesday
607,2024-08-29,2024,8,August,3,Thursday
608,2024-08-30,2024,8,August,3,Friday
609,2024-08-31,2024,8,August,3,Saturday
610,2024-09-01,2024,9,September,3,Sunday
611,2024-09-02,2024,9,September,3,Monday
612,2024-09-03,2024,9,September,3,Tuesday
613,2024-09-04,2024,9,September,3,Wednesday
614,2024-09-05,2024,9,September,3,Thursday
615,2024-09-06,2024,9,September,3,Friday
616,2024-09-07,2024,9,September,3,Saturday
617,2024-09-08,2024,9,September,3,Sunday
618,2024-09-09,2024,9,September,3,Monday
619,2024-09-10,2024,9,September,3,Tuesday
620,2024-09-11,2024,9,September,3,Wednesday
621,2024-09-12,2024,9,September,3,Thursday
622,2024-09-13,2024,9,September,3,Friday
623,2024-09-14,2024,9,September,3,Saturday
624,2024-09-15,2024,9,September,3,Sunday
625,2024-09-16,2024,9,September,3,Monday
626,2024-09-17,2024,9,September,3,Tuesday
627,2024-09-18,2024,9,September,3,Wednesday
628,2024-09-19,2024,9,September,3,Thursday
629,2024-09-20,2024,9,September,3,Friday
630,2024-09-21,2024,9,September,3,Saturday
631,2024-09-22,2024,9,September,3,Sunday
632,2024-09-23,2024,9,September,3,Monday
633,2024-09-24,2024,9,September,3,Tuesday
634,2024-09-25,2024,9,September,3,Wednesday
635,2024-09-26,2024,9,September,3,Thursday
636,2024-09-27,2024,9,September,3,Friday
637,2024-09-28,2024,9,September,3,Saturday
638,2024-09-29,2024,9,September,3,Sunday
639,2024-09-30,2024,9,September,3,Monday
640,2024-10-01,2024,10,October,4,Tuesday
641,2024-10-02,2024,10,October,4,Wednesday
642,2024-10-03,2024,10,October,4,Thursday
643,2024-10-04,2024,10,October,4,Friday
644,2024-10-05,2024,10,October,4,Saturday
645,2024-10-06,2024,10,October,4,Sunday
646,2024-10-07,2024,10,October,4,Monday
647,2024-10-08,2024,10,October,4,Tuesday
648,2024-10-09,2024,10,October,4,Wednesday
649,2024-10-10,2024,10,October,4,Thursday
650,2024-10-11,2024,10,October,4,Friday
651,2024-10-12,2024,10,October,4,Saturday
652,2024-10-13,2024,10,October,4,Sunday
653,2024-10-14,2024,10,October,4,Monday
654,2024-10-15,2024,10,October,4,Tuesday
655,2024-10-16,2024,10,October,4,Wednesday
656,2024-10-17,2024,10,October,4,Thursday
657,2024-10-18,2024,10,October,4,Friday
658,2024-10-19,2024,10,October,4,Saturday
659,2024-10-20,2024,10,October,4,Sunday
660,2024-10-21,2024,10,October,4,Monday
661,2024-10-22,2024,10,October,4,Tuesday
662,2024-10-23,2024,10,October,4,Wednesday
663,2024-10-24,2024,10,October,4,Thursday
664,2024-10-25,2024,10,October,4,Friday
665,2024-10-26,2024,10,October,4,Saturday
666,2024-10-27,2024,10,October,4,Sunday
667,2024-10-28,2024,10,October,4,Monday
668,2024-10-29,2024,10,October,4,Tuesday
669,2024-10-30,2024,10,October,4,Wednesday
670,2024-10-31,2024,10,October,4,Thursday
671,2024-11-01,2024,11,November,4,Friday
672,2024-11-02,2024,11,November,4,Saturday
673,2024-11-03,2024,11,November,4,Sunday
674,2024-11-04,2024,11,November,4,Monday
675,2024-11-05,2024,11,November,4,Tuesday
676,2024-11-06,2024,11,November,4,Wednesday
677,2024-11-07,2024,11,November,4,Thursday
678,2024-11-08,2024,11,November,4,Friday
679,2024-11-09,2024,11,November,4,Saturday
680,2024-11-10,2024,11,November,4,Sunday
681,2024-11-11,2024,11,November,4,Monday
682,2024-11-12,2024,11,November,4,Tuesday
683,2024-11-13,2024,11,November,4,Wednesday
684,2024-11-14,2024,11,November,4,Thursday
685,2024-11-15,2024,11,November,4,Friday
686,2024-11-16,2024,11,November,4,Saturday
687,2024-11-17,2024,11,November,4,Sunday
688,2024-11-18,2024,11,November,4,Monday
689,2024-11-19,2024,11,November,4,Tuesday
690,2024-11-20,2024,11,November,4,Wednesday
691,2024-11-21,2024,11,November,4,Thursday
692,2024-11-22,2024,11,November,4,Friday
693,2024-11-23,2024,11,November,4,Saturday
694,2024-11-24,2024,11,November,4,Sunday
695,2024-11-25,2024,11,November,4,Monday
696,2024-11-26,2024,11,November,4,Tuesday
697,2024-11-27,2024,11,November,4,Wednesday
698,2024-11-28,2024,11,November,4,Thursday
699,2024-11-29,2024,11,November,4,Friday
700,2024-11-30,2024,11,November,4,Saturday
701,2024-12-01,2024,12,December,4,Sunday
702,2024-12-02,2024,12,December,4,Monday
703,2024-12-03,2024,12,December,4,Tuesday
704,2024-12-04,2024,12,December,4,Wednesday
705,2024-12-05,2024,12,December,4,Thursday
706,2024-12-06,2024,12,December,4,Friday
707,2024-12-07,2024,12,December,4,Saturday
708,2024-12-08,2024,12,December,4,Sunday
709,2024-12-09,2024,12,December,4,Monday
710,2024-12-10,2024,12,December,4,Tuesday
711,2024-12-11,2024,12,December,4,Wednesday
712,2024-12-12,2024,12,December,4,Thursday
713,2024-12-13,2024,12,December,4,Friday
714,2024-12-14,2024,12,December,4,Saturday
715,2024-12-15,2024,12,December,4,Sunday
716,2024-12-16,2024,12,December,4,Monday
717,2024-12-17,2024,12,December,4,Tuesday
718,2024-12-18,2024,12,December,4,Wednesday
719,2024-12-19,2024,12,December,4,Thursday
720,2024-12-20,2024,12,December,4,Friday
721,2024-12-21,2024,12,December,4,Saturday
722,2024-12-22,2024,12,December,4,Sunday
723,2024-12-23,2024,12,December,4,Monday
724,2024-12-24,2024,12,December,4,Tuesday
725,2024-12-25,2024,12,December,4,Wednesday
726,2024-12-26,2024,12,December,4,Thursday
727,2024-12-27,2024,12,December,4,Friday
728,2024-12-28,2024,12,December,4,Saturday
729,2024-12-29,2024,12,December,4,Sunday
730,2024-12-30,2024,12,December,4,Monday
731,2024-12-31,2024,12,December,4,Tuesday
732,2025-01-01,2025,1,January,1,Wednesday
733,2025-01-02,2025,1,January,1,Thursday
734,2025-01-03,2025,1,January,1,Friday
735,2025-01-04,2025,1,January,1,Saturday
736,2025-01-05,2025,1,January,1,Sunday
737,2025-01-06,2025,1,January,1,Monday
738,2025-01-07,2025,1,January,1,Tuesday
739,2025-01-08,2025,1,January,1,Wednesday
740,2025-01-09,2025,1,January,1,Thursday
741,2025-01-10,2025,1,January,1,Friday
742,2025-01-11,2025,1,January,1,Saturday
743,2025-01-12,2025,1,January,1,Sunday
744,2025-01-13,2025,1,January,1,Monday
745,2025-01-14,2025,1,January,1,Tuesday
746,2025-01-15,2025,1,January,1,Wednesday
747,2025-01-16,2025,1,January,1,Thursday
748,2025-01-17,2025,1,January,1,Friday
749,2025-01-18,2025,1,January,1,Saturday
750,2025-01-19,2025,1,January,1,Sunday
751,2025-01-20,2025,1,January,1,Monday
752,2025-01-21,2025,1,January,1,Tuesday
753,2025-01-22,2025,1,January,1,Wednesday
754,2025-01-23,2025,1,January,1,Thursday
755,2025-01-24,2025,1,January,1,Friday
756,2025-01-25,2025,1,January,1,Saturday
757,2025-01-26,2025,1,January,1,Sunday
758,2025-01-27,2025,1,January,1,Monday
759,2025-01-28,2025,1,January,1,Tuesday
760,2025-01-29,2025,1,January,1,Wednesday
761,2025-01-30,2025,1,January,1,Thursday
762,2025-01-31,2025,1,January,1,Friday
763,2025-02-01,2025,2,February,1,Saturday
764,2025-02-02,2025,2,February,1,Sunday
765,2025-02-03,2025,2,February,1,Monday
766,2025-02-04,2025,2,February,1,Tuesday
767,2025-02-05,2025,2,February,1,Wednesday
768,2025-02-06,2025,2,February,1,Thursday
769,2025-02-07,2025,2,February,1,Friday
770,2025-02-08,2025,2,February,1,Saturday
771,2025-02-09,2025,2,February,1,Sunday
772,2025-02-10,2025,2,February,1,Monday
773,2025-02-11,2025,2,February,1,Tuesday
774,2025-02-12,2025,2,February,1,Wednesday
775,2025-02-13,2025,2,February,1,Thursday
776,2025-02-14,2025,2,February,1,Friday
777,2025-02-15,2025,2,February,1,Saturday
778,2025-02-16,2025,2,February,1,Sunday
779,2025-02-17,2025,2,February,1,Monday
780,2025-02-18,2025,2,February,1,Tuesday
781,2025-02-19,2025,2,February,1,Wednesday
782,2025-02-20,2025,2,February,1,Thursday
783,2025-02-21,2025,2,February,1,Friday
784,2025-02-22,2025,2,February,1,Saturday
785,2025-02-23,2025,2,February,1,Sunday
786,2025-02-24,2025,2,February,1,Monday
787,2025-02-25,2025,2,February,1,Tuesday
788,2025-02-26,2025,2,February,1,Wednesday
789,2025-02-27,2025,2,February,1,Thursday
790,2025-02-28,2025,2,February,1,Friday
791,2025-03-01,2025,3,March,1,Saturday
792,2025-03-02,2025,3,March,1,Sunday
793,2025-03-03,2025,3,March,1,Monday
794,2025-03-04,2025,3,March,1,Tuesday
795,2025-03-05,2025,3,March,1,Wednesday
796,2025-03-06,2025,3,March,1,Thursday
797,2025-03-07,2025,3,March,1,Friday
798,2025-03-08,2025,3,March,1,Saturday
799,2025-03-09,2025,3,March,1,Sunday
800,2025-03-10,2025,3,March,1,Monday
801,2025-03-11,2025,3,March,1,Tuesday
802,2025-03-12,2025,3,March,1,Wednesday
803,2025-03-13,2025,3,March,1,Thursday
804,2025-03-14,2025,3,March,1,Friday
805,2025-03-15,2025,3,March,1,Saturday
806,2025-03-16,2025,3,March,1,Sunday
807,2025-03-17,2025,3,March,1,Monday
808,2025-03-18,2025,3,March,1,Tuesday
809,2025-03-19,2025,3,March,1,Wednesday
810,2025-03-20,2025,3,March,1,Thursday
811,2025-03-21,2025,3,March,1,Friday
812,2025-03-22,2025,3,March,1,Saturday
813,2025-03-23,2025,3,March,1,Sunday
814,2025-03-24,2025,3,March,1,Monday
815,2025-03-25,2025,3,March,1,Tuesday
816,2025-03-26,2025,3,March,1,Wednesday
817,2025-03-27,2025,3,March,1,Thursday
818,2025-03-28,2025,3,March,1,Friday
819,2025-03-29,2025,3,March,1,Saturday
820,2025-03-30,2025,3,March,1,Sunday
821,2025-03-31,2025,3,March,1,Monday
822,2025-04-01,2025,4,April,2,Tuesday
823,2025-04-02,2025,4,April,2,Wednesday
824,2025-04-03,2025,4,April,2,Thursday
825,2025-04-04,2025,4,April,2,Friday
826,2025-04-05,2025,4,April,2,Saturday
827,2025-04-06,2025,4,April,2,Sunday
828,2025-04-07,2025,4,April,2,Monday
829,2025-04-08,2025,4,April,2,Tuesday
830,2025-04-09,2025,4,April,2,Wednesday
831,2025-04-10,2025,4,April,2,Thursday
832,2025-04-11,2025,4,April,2,Friday
833,2025-04-12,2025,4,April,2,Saturday
834,2025-04-13,2025,4,April,2,Sunday
835,2025-04-14,2025,4,April,2,Monday
836,2025-04-15,2025,4,April,2,Tuesday
837,2025-04-16,2025,4,April,2,Wednesday
838,2025-04-17,2025,4,April,2,Thursday
839,2025-04-18,2025,4,April,2,Friday
840,2025-04-19,2025,4,April,2,Saturday
841,2025-04-20,2025,4,April,2,Sunday
842,2025-04-21,2025,4,April,2,Monday
843,2025-04-22,2025,4,April,2,Tuesday
844,2025-04-23,2025,4,April,2,Wednesday
845,2025-04-24,2025,4,April,2,Thursday
846,2025-04-25,2025,4,April,2,Friday
847,2025-04-26,2025,4,April,2,Saturday
848,2025-04-27,2025,4,April,2,Sunday
849,2025-04-28,2025,4,April,2,Monday
850,2025-04-29,2025,4,April,2,Tuesday
851,2025-04-30,2025,4,April,2,Wednesday
852,2025-05-01,2025,5,May,2,Thursday
853,2025-05-02,2025,5,May,2,Friday
854,2025-05-03,2025,5,May,2,Saturday
855,2025-05-04,2025,5,May,2,Sunday
856,2025-05-05,2025,5,May,2,Monday
857,2025-05-06,2025,5,May,2,Tuesday
858,2025-05-07,2025,5,May,2,Wednesday
859,2025-05-08,2025,5,May,2,Thursday
860,2025-05-09,2025,5,May,2,Friday
861,2025-05-10,2025,5,May,2,Saturday
862,2025-05-11,2025,5,May,2,Sunday
863,2025-05-12,2025,5,May,2,Monday
864,2025-05-13,2025,5,May,2,Tuesday
865,2025-05-14,2025,5,May,2,Wednesday
866,2025-05-15,2025,5,May,2,Thursday
867,2025-05-16,2025,5,May,2,Friday
868,2025-05-17,2025,5,May,2,Saturday
869,2025-05-18,2025,5,May,2,Sunday
870,2025-05-19,2025,5,May,2,Monday
871,2025-05-20,2025,5,May,2,Tuesday
872,2025-05-21,2025,5,May,2,Wednesday
873,2025-05-22,2025,5,May,2,Thursday
874,2025-05-23,2025,5,May,2,Friday
875,2025-05-24,2025,5,May,2,Saturday
876,2025-05-25,2025,5,May,2,Sunday
877,2025-05-26,2025,5,May,2,Monday
878,2025-05-27,2025,5,May,2,Tuesday
879,2025-05-28,2025,5,May,2,Wednesday
880,2025-05-29,2025,5,May,2,Thursday
881,2025-05-30,2025,5,May,2,Friday
882,2025-05-31,2025,5,May,2,Saturday
883,2025-06-01,2025,6,June,2,Sunday
884,2025-06-02,2025,6,June,2,Monday
885,2025-06-03,2025,6,June,2,Tuesday
886,2025-06-04,2025,6,June,2,Wednesday
887,2025-06-05,2025,6,June,2,Thursday
888,2025-06-06,2025,6,June,2,Friday
889,2025-06-07,2025,6,June,2,Saturday
890,2025-06-08,2025,6,June,2,Sunday
891,2025-06-09,2025,6,June,2,Monday
892,2025-06-10,2025,6,June,2,Tuesday
893,2025-06-11,2025,6,June,2,Wednesday
894,2025-06-12,2025,6,June,2,Thursday
895,2025-06-13,2025,6,June,2,Friday
896,2025-06-14,2025,6,June,2,Saturday
897,2025-06-15,2025,6,June,2,Sunday
898,2025-06-16,2025,6,June,2,Monday
899,2025-06-17,2025,6,June,2,Tuesday
900,2025-06-18,2025,6,June,2,Wednesday
901,2025-06-19,2025,6,June,2,Thursday
902,2025-06-20,2025,6,June,2,Friday
903,2025-06-21,2025,6,June,2,Saturday
904,2025-06-22,2025,6,June,2,Sunday
905,2025-06-23,2025,6,June,2,Monday
906,2025-06-24,2025,6,June,2,Tuesday
907,2025-06-25,2025,6,June,2,Wednesday
908,2025-06-26,2025,6,June,2,Thursday
909,2025-06-27,2025,6,June,2,Friday
910,2025-06-28,2025,6,June,2,Saturday
911,2025-06-29,2025,6,June,2,Sunday
912,2025-06-30,2025,6,June,2,Monday
913,2025-07-01,2025,7,July,3,Tuesday
914,2025-07-02,2025,7,July,3,Wednesday
915,2025-07-03,2025,7,July,3,Thursday
916,2025-07-04,2025,7,July,3,Friday
917,2025-07-05,2025,7,July,3,Saturday
918,2025-07-06,2025,7,July,3,Sunday
919,2025-07-07,2025,7,July,3,Monday
920,2025-07-08,2025,7,July,3,Tuesday
921,2025-07-09,2025,7,July,3,Wednesday
922,2025-07-10,2025,7,July,3,Thursday
923,2025-07-11,2025,7,July,3,Friday
924,2025-07-12,2025,7,July,3,Saturday
925,2025-07-13,2025,7,July,3,Sunday
926,2025-07-14,2025,7,July,3,Monday
927,2025-07-15,2025,7,July,3,Tuesday
928,2025-07-16,2025,7,July,3,Wednesday
929,2025-07-17,2025,7,July,3,Thursday
930,2025-07-18,2025,7,July,3,Friday
931,2025-07-19,2025,7,July,3,Saturday
932,2025-07-20,2025,7,July,3,Sunday
933,2025-07-21,2025,7,July,3,Monday
934,2025-07-22,2025,7,July,3,Tuesday
935,2025-07-23,2025,7,July,3,Wednesday
936,2025-07-24,2025,7,July,3,Thursday
937,2025-07-25,2025,7,July,3,Friday
938,2025-07-26,2025,7,July,3,Saturday
939,2025-07-27,2025,7,July,3,Sunday
940,2025-07-28,2025,7,July,3,Monday
941,2025-07-29,2025,7,July,3,Tuesday
942,2025-07-30,2025,7,July,3,Wednesday
943,2025-07-31,2025,7,July,3,Thursday
944,2025-08-01,2025,8,August,3,Friday
945,2025-08-02,2025,8,August,3,Saturday
946,2025-08-03,2025,8,August,3,Sunday
947,2025-08-04,2025,8,August,3,Monday
948,2025-08-05,2025,8,August,3,Tuesday
949,2025-08-06,2025,8,August,3,Wednesday
950,2025-08-07,2025,8,August,3,Thursday
951,2025-08-08,2025,8,August,3,Friday
952,2025-08-09,2025,8,August,3,Saturday
953,2025-08-10,2025,8,August,3,Sunday
954,2025-08-11,2025,8,August,3,Monday
955,2025-08-12,2025,8,August,3,Tuesday
956,2025-08-13,2025,8,August,3,Wednesday
957,2025-08-14,2025,8,August,3,Thursday
958,2025-08-15,2025,8,August,3,Friday
959,2025-08-16,2025,8,August,3,Saturday
960,2025-08-17,2025,8,August,3,Sunday
961,2025-08-18,2025,8,August,3,Monday
962,2025-08-19,2025,8,August,3,Tuesday
963,2025-08-20,2025,8,August,3,Wednesday
964,2025-08-21,2025,8,August,3,Thursday
965,2025-08-22,2025,8,August,3,Friday
966,2025-08-23,2025,8,August,3,Saturday
967,2025-08-24,2025,8,August,3,Sunday
968,2025-08-25,2025,8,August,3,Monday
969,2025-08-26,2025,8,August,3,Tuesday
970,2025-08-27,2025,8,August,3,Wednesday
971,2025-08-28,2025,8,August,3,Thursday
972,2025-08-29,2025,8,August,3,Friday
973,2025-08-30,2025,8,August,3,Saturday
974,2025-08-31,2025,8,August,3,Sunday
975,2025-09-01,2025,9,September,3,Monday
976,2025-09-02,2025,9,September,3,Tuesday
977,2025-09-03,2025,9,September,3,Wednesday
978,2025-09-04,2025,9,September,3,Thursday
979,2025-09-05,2025,9,September,3,Friday
980,2025-09-06,2025,9,September,3,Saturday
981,2025-09-07,2025,9,September,3,Sunday
982,2025-09-08,2025,9,September,3,Monday
983,2025-09-09,2025,9,September,3,Tuesday
984,2025-09-10,2025,9,September,3,Wednesday
985,2025-09-11,2025,9,September,3,Thursday
986,2025-09-12,2025,9,September,3,Friday
987,2025-09-13,2025,9,September,3,Saturday
988,2025-09-14,2025,9,September,3,Sunday
989,2025-09-15,2025,9,September,3,Monday
990,2025-09-16,2025,9,September,3,Tuesday
991,2025-09-17,2025,9,September,3,Wednesday
992,2025-09-18,2025,9,September,3,Thursday
993,2025-09-19,2025,9,September,3,Friday
994,2025-09-20,2025,9,September,3,Saturday
995,2025-09-21,2025,9,September,3,Sunday
996,2025-09-22,2025,9,September,3,Monday
997,2025-09-23,2025,9,September,3,Tuesday
998,2025-09-24,2025,9,September,3,Wednesday
999,2025-09-25,2025,9,September,3,Thursday
1000,2025-09-26,2025,9,September,3,Friday
1001,2025-09-27,2025,9,September,3,Saturday
1002,2025-09-28,2025,9,September,3,Sunday
1003,2025-09-29,2025,9,September,3,Monday
1004,2025-09-30,2025,9,September,3,Tuesday
1005,2025-10-01,2025,10,October,4,Wednesday
1006,2025-10-02,2025,10,October,4,Thursday
1007,2025-10-03,2025,10,October,4,Friday
1008,2025-10-04,2025,10,October,4,Saturday
1009,2025-10-05,2025,10,October,4,Sunday
1010,2025-10-06,2025,10,October,4,Monday
1011,2025-10-07,2025,10,October,4,Tuesday
1012,2025-10-08,2025,10,October,4,Wednesday
1013,2025-10-09,2025,10,October,4,Thursday
1014,2025-10-10,2025,10,October,4,Friday
1015,2025-10-11,2025,10,October,4,Saturday
1016,2025-10-12,2025,10,October,4,Sunday
1017,2025-10-13,2025,10,October,4,Monday
1018,2025-10-14,2025,10,October,4,Tuesday
1019,2025-10-15,2025,10,October,4,Wednesday
1020,2025-10-16,2025,10,October,4,Thursday
1021,2025-10-17,2025,10,October,4,Friday
1022,2025-10-18,2025,10,October,4,Saturday
1023,2025-10-19,2025,10,October,4,Sunday
1024,2025-10-20,2025,10,October,4,Monday
1025,2025-10-21,2025,10,October,4,Tuesday
1026,2025-10-22,2025,10,October,4,Wednesday
1027,2025-10-23,2025,10,October,4,Thursday
1028,2025-10-24,2025,10,October,4,Friday
1029,2025-10-25,2025,10,October,4,Saturday
1030,2025-10-26,2025,10,October,4,Sunday
1031,2025-10-27,2025,10,October,4,Monday
1032,2025-10-28,2025,10,October,4,Tuesday
1033,2025-10-29,2025,10,October,4,Wednesday
1034,2025-10-30,2025,10,October,4,Thursday
1035,2025-10-31,2025,10,October,4,Friday
1036,2025-11-01,2025,11,November,4,Saturday
1037,2025-11-02,2025,11,November,4,Sunday
1038,2025-11-03,2025,11,November,4,Monday
1039,2025-11-04,2025,11,November,4,Tuesday
1040,2025-11-05,2025,11,November,4,Wednesday
1041,2025-11-06,2025,11,November,4,Thursday
1042,2025-11-07,2025,11,November,4,Friday
1043,2025-11-08,2025,11,November,4,Saturday
1044,2025-11-09,2025,11,November,4,Sunday
1045,2025-11-10,2025,11,November,4,Monday
1046,2025-11-11,2025,11,November,4,Tuesday
1047,2025-11-12,2025,11,November,4,Wednesday
1048,2025-11-13,2025,11,November,4,Thursday
1049,2025-11-14,2025,11,November,4,Friday
1050,2025-11-15,2025,11,November,4,Saturday
1051,2025-11-16,2025,11,November,4,Sunday
1052,2025-11-17,2025,11,November,4,Monday
1053,2025-11-18,2025,11,November,4,Tuesday
1054,2025-11-19,2025,11,November,4,Wednesday
1055,2025-11-20,2025,11,November,4,Thursday
1056,2025-11-21,2025,11,November,4,Friday
1057,2025-11-22,2025,11,November,4,Saturday
1058,2025-11-23,2025,11,November,4,Sunday
1059,2025-11-24,2025,11,November,4,Monday
1060,2025-11-25,2025,11,November,4,Tuesday
1061,2025-11-26,2025,11,November,4,Wednesday
1062,2025-11-27,2025,11,November,4,Thursday
1063,2025-11-28,2025,11,November,4,Friday
1064,2025-11-29,2025,11,November,4,Saturday
1065,2025-11-30,2025,11,November,4,Sunday
1066,2025-12-01,2025,12,December,4,Monday
1067,2025-12-02,2025,12,December,4,Tuesday
1068,2025-12-03,2025,12,December,4,Wednesday
1069,2025-12-04,2025,12,December,4,Thursday
1070,2025-12-05,2025,12,December,4,Friday
1071,2025-12-06,2025,12,December,4,Saturday
1072,2025-12-07,2025,12,December,4,Sunday
1073,2025-12-08,2025,12,December,4,Monday
1074,2025-12-09,2025,12,December,4,Tuesday
1075,2025-12-10,2025,12,December,4,Wednesday
1076,2025-12-11,2025,12,December,4,Thursday
1077,2025-12-12,2025,12,December,4,Friday
1078,2025-12-13,2025,12,December,4,Saturday
1079,2025-12-14,2025,12,December,4,Sunday
1080,2025-12-15,2025,12,December,4,Monday
1081,2025-12-16,2025,12,December,4,Tuesday
1082,2025-12-17,2025,12,December,4,Wednesday
1083,2025-12-18,2025,12,December,4,Thursday
1084,2025-12-19,2025,12,December,4,Friday
1085,2025-12-20,2025,12,December,4,Saturday
1086,2025-12-21,2025,12,December,4,Sunday
1087,2025-12-22,2025,12,December,4,Monday
1088,2025-12-23,2025,12,December,4,Tuesday
1089,2025-12-24,2025,12,December,4,Wednesday
1090,2025-12-25,2025,12,December,4,Thursday
1091,2025-12-26,2025,12,December,4,Friday
1092,2025-12-27,2025,12,December,4,Saturday
1093,2025-12-28,2025,12,December,4,Sunday
1094,2025-12-29,2025,12,December,4,Monday
1095,2025-12-30,2025,12,December,4,Tuesday
1096,2025-12-31,2025,12,December,4,Wednesday
